TB,Pad8593,Pad8595,Pad7934,Pad6689,Pad9164
0,2.13746,0.885817,2.1883,1.30074,4.74238
1,3.23652,2.31292,2.79705,2.67175,5.43797
2,0.581332,0.800819,-0.152176,0.421885,0.149302
3,-1.72024,-0.907966,-1.93882,-0.81545,-2.6307
4,-1.86551,-1.42092,-1.62227,-0.275061,-1.66655
5,-0.315296,-0.621992,-0.562746,0.46201,0.21305
6,0.914892,0.260706,0.152535,-0.293229,-0.0822681
7,0.484507,0.456239,0.263235,-1.45623,-1.52227
8,-0.732617,-0.11399,-0.126961,-1.43722,-2.04705
9,-1.1975,-0.559727,-0.382631,-0.439318,-0.4694
10,-0.75936,-0.196448,-0.16381,0.658696,1.48497
11,-0.113796,0.203936,0.476503,1.20384,1.47415
12,-0.419739,-0.0572772,0.834694,0.8494,-0.63443
13,-1.10779,-0.54347,0.0376998,0.00440753,-2.44307
14,-0.866584,-0.42629,-1.03344,-0.649277,-1.55763
15,0.575309,0.335443,-0.998701,-0.356643,0.901547
16,1.57046,0.768663,-0.360097,0.174959,1.80906
17,0.985134,0.145987,0.101912,-0.0778313,0.108678
18,-0.432992,-0.626614,0.252528,-0.835982,-1.7813
19,-0.954186,-0.695834,0.237204,-1.11145,-1.48644
20,-0.0885259,-0.322674,0.39059,-0.375087,0.10824
21,0.417129,-0.408568,0.36448,0.337968,0.961054
22,-0.236828,-0.772729,-0.092998,-0.225609,0.273313
23,-0.617944,-0.0839909,-0.369418,-0.927437,-0.611566
24,-0.058224,1.3865,-0.20594,-0.622262,-0.395071
25,0.310108,1.70154,-0.306803,0.00589493,0.0847381
26,-0.274297,0.39091,-0.606922,-0.22374,-0.333607
27,-1.1929,-0.742033,-0.49709,-0.879066,-1.22568
28,-1.49618,-0.433749,-0.20597,-0.534487,-1.13814
29,-0.744394,0.234913,0.0951879,0.149787,-0.177597
30,0.457212,0.18296,0.361734,0.34284,0.879487
31,1.11736,0.0106136,0.58005,0.424614,1.07529
32,0.983776,0.354822,0.308051,0.20557,-0.0588705
33,0.300348,0.534547,-0.320748,-0.677656,-1.30788
34,0.00574715,0.492648,-0.302273,-1.45857,-1.49426
35,0.342381,0.152029,0.334701,-1.30464,-0.892199
36,0.666124,-0.952873,0.493176,-0.344983,-0.250016
37,0.149429,-1.68263,-0.182911,0.411356,-0.270696
38,-0.572778,-1.02569,-0.799225,-0.0466795,-0.78583
39,-0.378366,0.55304,-0.643937,-0.823979,-0.340346
40,0.157447,1.37521,-0.0654272,-1.02142,0.156312
41,0.406201,0.734516,0.163667,-0.502842,-0.582058
42,0.0229435,-0.200825,0.0400976,0.140327,-1.40188
43,-0.338525,-0.564338,0.0129463,0.155439,-0.888352
44,-0.178779,-0.457676,-0.0452582,-0.147989,0.232931
45,-0.014629,-0.01042,-0.360024,-0.487832,0.144486
46,0.273537,0.63276,-0.809804,-0.459314,-1.06335
47,0.929446,0.911755,-1.19344,-0.131046,-1.71994
48,1.33114,0.589254,-0.869228,0.0678362,-0.888817
49,0.923625,-0.0818212,0.184979,-0.202771,0.0525839
50,-0.224874,-0.27498,0.815457,-0.809181,0.148689
51,-1.34538,0.0250498,0.36338,-1.06313,-0.181992
52,-1.40262,0.385927,-0.624659,-0.522179,-0.427948
53,-0.50857,0.645364,-1.47277,0.12896,-0.479111
54,0.54917,0.844758,-1.25419,-0.400789,-0.347463
55,0.998457,1.17481,-0.026205,-1.48278,-0.196687
56,0.262928,1.27398,1.10932,-1.13563,-0.636813
57,-0.5964,1.00101,1.28262,-0.0351817,-1.51587
58,-0.332436,0.458727,0.521081,-0.183938,-1.33069
59,0.308902,0.284611,-0.00236274,-0.743838,0.134875
60,0.46935,0.92913,0.00659371,-0.377961,1.51799
61,0.372828,1.6282,-0.224989,0.3446,1.2625
62,0.415986,1.57063,-0.662463,0.233693,-0.10194
63,0.583903,1.25596,-0.566297,-0.75612,-0.508271
64,0.505811,1.06684,-0.262318,-1.41743,-0.000636365
65,0.270172,1.19001,-0.320539,-1.0654,0.057362
66,0.347156,1.3451,-0.671326,-0.349125,-0.16941
67,0.659944,0.783514,-0.658263,0.28499,0.0564766
68,0.568413,-0.35584,-0.220428,0.485686,0.404661
69,0.224347,-1.15835,-0.1082,0.120152,0.245184
70,0.187144,-0.603207,-0.336997,-0.456473,-0.0961803
71,0.381334,0.246532,-0.449176,-0.838713,-0.0360641
72,0.532108,0.770747,-0.348147,-0.516795,0.196592
73,0.873134,1.29405,-0.0379824,-0.237482,-0.125113
74,1.07278,1.17981,0.324043,-0.375317,-0.588393
75,0.632583,0.538616,0.310693,-0.255351,-0.510857
76,-0.0585167,0.14774,0.319042,0.343794,0.455227
77,-0.383673,0.152447,0.390538,0.9563,1.46197
78,0.200966,0.277932,0.0981125,0.546078,1.09477
79,1.06236,0.165914,-0.276275,-0.86433,-0.00626627
80,1.53414,0.167805,-0.509433,-1.66248,-0.402943
81,1.20294,0.661271,-0.747322,-0.988189,-0.512264
82,0.578301,1.43273,-0.777648,-0.122434,-0.664812
83,0.65854,1.57542,-0.728657,-0.0376591,-0.840754
84,0.944622,0.770268,-0.587124,-0.118391,-0.782192
85,0.597961,-0.0145822,-0.0250679,0.0295663,-0.094054
86,-0.220454,-0.304599,0.376786,0.149812,0.546372
87,-0.617043,-0.409544,0.000669117,-0.391577,0.848261
88,-0.331675,-0.428403,-0.28333,-1.40443,1.0518
89,0.367231,-0.40485,-0.21175,-1.67864,0.790859
90,0.869172,0.322831,-0.254443,-0.882712,-0.264403
91,0.940666,1.42211,-0.349143,-0.0812827,-0.925673
92,0.951969,1.59487,-0.250967,-0.0817419,-0.196892
93,0.934879,1.06232,-0.230724,-0.682856,0.930503
94,1.07345,0.911798,-0.503626,-0.998756,1.27805
95,0.983015,1.01524,-0.955945,-0.365183,0.914802
96,0.46302,0.769538,-1.07243,0.645552,0.87386
97,0.0263081,0.110984,-0.410339,0.997292,1.05809
98,0.255716,-0.416388,0.242561,0.473465,1.00351
99,0.731147,-0.292432,-0.0559686,-0.490215,0.908067
100,0.883851,0.0357672,-0.873516,-1.05327,0.359973
101,0.631964,0.258542,-1.1109,-0.849806,-0.0887572
102,0.464863,0.807718,-0.72974,-0.626857,0.59039
103,1.17021,1.57271,-0.434195,-1.0989,1.44112
104,2.1888,1.94866,-0.495946,-1.60926,1.30518
105,2.29122,1.61984,-0.290879,-0.937086,0.583122
106,0.933231,1.1865,-0.0672989,0.39378,0.136485
107,-0.563903,1.2196,-0.45025,0.765428,0.223902
108,-0.738715,1.22755,-1.12278,-0.259388,0.870976
109,0.240662,0.668851,-1.12153,-1.12657,1.54924
110,0.919516,0.579609,-0.533228,-1.03989,1.3891
111,0.578395,1.30826,-0.475712,-0.515947,0.76836
112,0.263962,1.25858,-0.971784,-0.143037,0.50766
113,0.379848,0.208729,-1.06818,-0.673347,0.877363
114,0.666461,-0.233459,-0.459982,-0.858685,1.49767
115,0.778996,0.429446,-0.148633,0.199355,1.92972
116,0.58302,1.37777,-0.458038,1.09655,1.96119
117,0.295375,1.89129,-0.753051,0.595273,1.69994
118,0.254823,1.94487,-0.783345,-0.539313,1.40997
119,1.02175,1.34692,-0.772134,-1.11786,1.19366
120,1.92129,0.72263,-1.0473,-0.752341,1.08259
121,1.56271,0.613303,-1.36369,-0.0449612,1.22836
122,0.426312,0.894249,-1.07383,0.191898,1.36916
123,0.275287,0.922588,-0.272907,-0.239717,1.5735
124,1.4584,0.491923,-0.0771327,-1.19522,2.33616
125,2.54359,0.245979,-0.542665,-1.5129,3.33743
126,2.13108,0.674726,-0.572995,-0.46751,3.51473
127,0.483103,1.29599,-0.341009,0.47956,2.67393
128,-0.175598,1.42455,-0.695071,0.0910915,1.93315
129,0.71601,1.3661,-1.1763,-1.01662,2.27823
130,1.53927,1.44399,-0.667934,-1.77117,3.47467
131,1.4875,1.50756,0.294515,-2.08363,4.67938
132,1.06044,1.29972,0.486724,-1.87768,5.10217
133,1.11914,0.90076,-0.00216331,-1.18637,5.25368
134,1.73158,0.767218,-0.826393,-0.59682,5.57652
135,2.13944,1.37295,-1.54021,-0.504606,5.95948
136,1.73189,2.45559,-1.80246,-0.760431,6.47889
137,1.13197,3.0197,-1.72858,-0.77365,7.20084
138,0.972575,2.71511,-1.33165,-0.296029,8.25969
139,1.14428,2.28209,-0.635218,0.260928,9.91758
140,1.59236,2.16796,0.165227,0.296164,12.4551
141,2.16395,2.16356,0.582365,-0.348695,16.0163
142,2.03428,2.29316,0.487667,-0.757283,21.357
143,1.36571,2.43409,-0.0509404,-0.714942,29.6345
144,1.20584,2.27055,-0.621073,-0.749809,41.265
145,1.69869,2.07291,-0.753736,-0.4918,55.0377
146,1.94745,2.21863,-0.363098,-0.1602,69.7402
147,1.70809,2.62597,-0.172847,-0.456709,85.7158
148,1.39545,3.27545,-0.788981,-0.993903,103.654
149,1.48205,3.5686,-1.45048,-0.765189,122.954
150,1.54647,3.14428,-1.3919,-0.00454412,140.909
151,1.14795,2.5713,-0.800846,-0.0151467,154.926
152,0.714022,2.51833,-0.432681,-0.528549,165.38
153,1.35413,2.64211,-0.474651,-0.843994,173.726
154,2.57994,2.6843,-0.56729,-0.74949,178.747
155,2.61565,2.22562,-0.645795,-0.455671,176.884
156,1.53275,1.68065,-0.611981,-0.483675,166.189
157,0.910419,1.61851,-0.727703,-0.911166,149.634
158,1.42286,1.98375,-0.826864,-1.04239,132.655
159,1.93546,2.22314,-0.786334,-0.562853,117.845
160,1.62769,1.94213,-0.477939,-0.253786,103.499
161,1.36638,1.89782,-0.137793,-0.472378,87.6285
162,1.76038,2.71227,0.0138478,-1.05881,70.7048
163,2.3917,3.87475,-0.391293,-1.47699,54.517
164,2.3901,4.31456,-1.2064,-1.19771,40.7059
165,1.99331,3.4313,-1.20799,-0.47195,30.3703
166,2.09576,2.00056,-0.0803597,-0.241205,23.4775
167,2.72696,1.36722,0.269322,-0.443634,18.7936
168,3.62434,2.03802,-0.54582,-0.605084,15.5139
169,4.4051,3.36422,-1.31488,-0.450575,12.8032
170,4.58571,4.02392,-1.05569,-0.330736,10.0254
171,4.5857,3.43081,-0.0310596,-0.386842,7.7314
172,5.30478,2.34514,0.395265,-0.312099,6.04323
173,6.9007,2.1513,-0.348392,0.136654,5.40022
174,9.10941,2.61317,-1.13669,0.836647,5.45478
175,11.8565,3.04218,-0.74255,0.607951,4.80478
176,15.8645,3.58583,0.0846693,-0.150431,3.34979
177,23.1102,4.32613,0.141674,-0.660237,2.34682
178,34.2414,4.91784,-0.586952,-0.726288,2.66765
179,47.9212,5.89183,-1.09855,-0.580676,3.6744
180,64.1419,7.85655,-0.904175,-0.564044,4.25926
181,84.656,11.0226,-0.293619,-0.475979,4.41257
182,110.105,15.7021,0.15061,-0.117487,4.42387
183,138.957,21.9109,0.0575081,0.157282,4.28215
184,167.459,29.5037,-0.479221,-0.0129139,4.0064
185,191.098,39.1477,-0.999987,-0.485411,3.2737
186,207.551,51.4557,-0.898059,-1.00897,2.41605
187,216.768,67.0903,-0.0814322,-0.956064,2.09028
188,219.434,86.0777,0.680056,-0.234376,2.53712
189,215.305,107.422,0.675607,0.188999,3.42648
190,203.091,129.514,0.346403,-0.0162357,3.78477
191,182.781,150.082,0.396887,-0.365919,3.42144
192,157.83,166.741,0.242963,-0.426511,2.9726
193,132.339,177.641,-0.523976,-0.0744249,2.90204
194,107.904,180.956,-1.10286,0.558928,2.87197
195,84.7513,175.849,-0.618032,0.528897,2.77911
196,63.6964,164.991,0.271567,-0.255696,2.7351
197,45.9548,151.691,0.817027,-0.532978,2.86421
198,32.7066,136.286,0.926051,-0.151598,3.39973
199,24.2631,117.886,0.562251,0.194529,3.51822
200,19.0149,97.1468,0.164553,0.141341,2.47919
201,14.6521,76.6001,0.0549254,-0.124986,1.36288
202,10.4448,58.3351,0.235881,-0.256219,1.72754
203,6.67575,43.4893,0.938731,0.0966143,3.46241
204,3.85306,32.357,2.0715,0.47711,4.77283
205,2.60996,24.4364,2.25624,0.592978,4.54556
206,2.48583,18.4384,1.26848,0.393404,3.16781
207,3.07841,13.4066,0.581057,-0.0985848,1.56787
208,3.42712,9.52138,0.788129,-0.422516,0.842601
209,2.95569,6.63899,1.50484,-0.107421,1.61691
210,2.32201,4.40461,2.58351,0.771617,2.75325
211,2.01651,2.69093,4.26618,1.39107,3.3627
212,1.91874,1.6776,6.53736,1.15505,3.47824
213,1.72131,1.63292,9.02962,0.870156,3.60111
214,1.77951,2.19677,11.9049,0.729161,3.35068
215,1.84363,2.00814,15.8049,0.278275,2.41113
216,2.019,1.21213,21.1958,-0.22591,1.76496
217,2.34827,0.962208,28.5683,-0.570054,2.23635
218,2.35922,1.06261,38.5576,-0.429431,2.92706
219,1.6601,0.791119,51.4525,0.0186905,2.61327
220,1.30014,-0.111521,65.8683,0.310096,2.0435
221,1.94254,-0.536511,79.5963,0.275249,1.90123
222,2.48318,0.164782,92.1966,0.303658,2.09917
223,1.99755,1.1586,103.979,0.389473,1.85956
224,1.16242,1.43132,114.798,0.550803,1.22582
225,1.62344,1.08347,123.797,0.822466,1.05283
226,2.71289,1.08236,129.375,0.496727,1.79426
227,2.95721,1.38565,130.748,-0.510573,2.42391
228,2.36356,1.73543,127.403,-1.49995,2.44925
229,1.8777,1.59038,118.879,-1.32757,2.3018
230,1.87293,0.813265,105.591,0.334576,2.0723
231,2.13482,0.166559,89.7096,2.00008,1.96174
232,2.28328,-0.0650929,74.7329,1.87405,1.96972
233,2.31784,0.414306,62.6985,0.261148,1.87426
234,2.04071,1.1471,52.6986,-0.871883,1.78953
235,1.53014,1.22873,43.1802,-0.601095,1.86006
236,1.76846,0.424069,34.0013,0.381994,2.00014
237,2.53883,-0.21186,25.9386,1.07255,2.22255
238,2.5853,-0.0284472,19.5309,0.99359,2.29575
239,1.89137,0.498685,14.7772,0.462272,1.85008
240,1.55482,1.02746,10.9178,0.387867,1.3769
241,2.02298,1.59768,7.82425,1.04842,1.80392
242,2.65687,2.15365,6.1801,1.23007,2.28345
243,2.96031,2.21244,6.0047,0.354451,1.54949
244,2.50607,1.79528,6.21558,-0.174781,0.467414
245,1.43841,1.3404,5.38233,0.382939,0.792864
246,0.810659,1.09849,3.17812,1.43806,2.02018
247,0.936091,0.910703,1.10048,1.89849,2.47048
248,1.62247,0.736003,0.471535,1.66109,1.70734
249,2.27626,0.765646,0.983219,1.39078,0.57025
250,2.28021,0.937704,1.2725,1.01994,0.00509273
251,1.79478,0.975321,0.712377,0.75918,0.515483
252,1.58694,1.04255,-0.0398678,0.796547,2.03813
253,1.59393,1.35483,-0.495636,0.896032,3.20899
254,1.50521,1.60898,-0.529968,0.807255,2.82725
255,1.25467,1.42233,-0.399081,0.70927,1.74719
256,1.44451,1.01544,-0.382782,0.698433,1.41395
257,2.114,1.03845,-0.224001,0.632049,1.91505
258,2.35507,1.43587,-0.129417,0.654024,2.06676
259,1.73441,1.66487,-0.295731,0.913534,1.30772
260,1.27209,1.27098,-0.852566,1.29403,0.428565
261,1.53245,0.605544,-1.4204,1.66808,0.32156
262,2.03382,0.602649,-1.41574,1.60673,0.818842
263,2.32816,1.22221,-0.778885,1.34553,1.26852
264,2.52777,1.80998,-0.137777,1.11139,1.64176
265,2.4571,2.00479,-0.065028,1.47542,1.91307
266,1.95212,1.29856,-0.290502,2.00851,1.57003
267,1.55169,0.132571,-0.579812,2.43169,0.66794
268,1.58621,0.136223,-0.799237,3.45821,-0.0195627
269,1.72638,1.34423,-0.923302,5.08101,0.292205
270,1.57831,2.4665,-0.572513,6.72709,1.21885
271,1.21375,2.48599,0.0313812,7.97727,1.68956
272,1.06659,1.85102,0.291098,8.71944,1.72917
273,1.41248,1.39314,-0.241438,10.0537,1.71981
274,1.7293,1.35711,-1.19302,12.7115,1.72863
275,1.36042,1.50599,-1.7947,16.7888,1.73172
276,1.0769,1.31608,-1.54338,21.6331,1.4545
277,1.82735,1.07415,-0.715661,26.3254,1.24749
278,2.77914,0.99103,0.237277,29.8667,1.11392
279,2.78554,1.37656,0.929499,32.139,0.760582
280,1.82345,2.2318,0.991737,34.0457,0.425422
281,0.703944,2.46812,0.55265,35.7364,0.639541
282,0.159566,1.57002,-0.520407,36.4977,1.34029
283,0.507021,0.58821,-1.642,36.1723,1.44194
284,1.79444,0.675407,-1.82562,35.7019,1.15467
285,3.0482,1.68756,-1.25579,34.2742,0.955767
286,2.81118,2.49202,-0.497679,30.7633,0.486588
287,1.4826,2.19868,0.0616819,26.3925,0.202011
288,0.906696,1.3883,-0.135428,22.3208,0.720859
289,2.00194,1.23525,-1.17833,18.9761,1.78632
290,2.89211,1.79363,-1.93407,16.6252,2.53204
291,2.30093,1.85202,-1.36649,14.9775,2.19694
292,1.37412,1.48367,-0.349905,13.4522,0.902738
293,1.52219,1.30269,0.220536,11.1425,0.078844
294,1.97291,1.34215,-0.0795412,8.15037,0.18246
295,1.7488,1.84276,-0.637597,5.70768,0.374245
296,1.12493,2.36585,-0.526709,4.38378,0.178857
297,0.892233,2.14554,-0.030057,3.58398,0.426911
298,1.5285,1.37776,0.172853,2.65196,1.48995
299,2.3777,0.903527,-0.269265,2.00185,2.40435
300,2.70274,0.94894,-1.22794,2.16878,2.07711
301,2.25596,1.49455,-1.87901,2.64739,1.05245
302,1.4386,2.3605,-1.30489,2.31614,0.478459
303,0.934373,2.52688,-0.178892,1.01115,0.655571
304,1.07199,1.64575,0.394389,-0.134998,1.5016
305,1.64382,0.586896,0.168943,-0.256051,2.14037
306,2.10248,0.24333,-0.0857519,0.366915,1.56143
307,1.86296,0.903992,-0.337245,1.29876,-0.0403583
308,1.51565,1.57655,-0.941826,1.93987,-0.676367
309,1.15477,1.74397,-1.49932,2.11321,0.71098
310,0.577761,1.57508,-1.41471,1.61028,2.3109
311,0.405044,1.6246,-0.928781,0.60292,2.39535
312,1.00256,1.85134,-0.40225,-0.0933245,1.20951
313,2.10374,1.85088,-0.129928,-0.105317,-0.0369785
314,2.6078,1.81903,-0.0724287,-0.105011,-0.229672
315,2.2584,1.62607,-0.146539,-0.298614,0.865503
316,1.32447,1.24467,-0.35712,0.195001,2.06776
317,0.664546,1.05947,-0.60701,1.337,2.49375
318,0.794571,1.04108,-0.763202,1.77159,1.80293
319,1.63613,0.833912,-0.851673,0.96247,0.613697
320,2.36094,0.867311,-0.926612,0.0828809,-0.0411468
321,2.0613,1.38494,-0.6859,0.438254,0.108393
322,1.23176,1.76589,-0.174174,1.532,0.582875
323,0.7424,1.50303,0.0939424,1.85145,1.18403
324,0.708467,1.17048,-0.039116,1.46743,1.74633
325,0.995264,1.14885,-0.253393,0.849774,2.01069
326,1.13066,1.1706,-0.430422,0.41278,1.89982
327,1.19333,1.21042,-0.325132,0.639936,1.34444
328,1.40459,1.09668,0.0692519,1.23849,0.875667
329,2.08266,0.849609,0.376196,1.38622,0.686088
330,2.58868,1.18051,0.331282,0.784806,0.590272
331,1.91699,2.1072,0.0502422,0.312079,0.581358
332,0.652504,3.18304,0.122805,0.609185,0.853752
333,-0.0444371,3.63676,0.173346,1.15462,1.82102
334,0.401993,2.89168,-0.222277,0.876387,2.56481
335,1.4613,1.7624,-0.538033,0.0708756,1.95453
336,2.08914,1.13304,-0.356007,-0.114774,0.725675
337,1.84296,1.08128,-0.14351,0.826777,0.334732
338,1.0872,1.0604,-0.215802,1.86534,0.943922
339,0.598382,1.07511,0.0638876,1.59645,1.45868
340,0.540316,1.08971,0.401031,0.117855,1.2159
341,0.474086,1.1706,0.2897,-0.734235,0.950522
342,0.50085,1.74913,-0.0906988,-0.0419112,1.32839
343,1.06619,2.08656,-0.739157,1.05636,1.78452
344,2.09249,1.30704,-1.13754,1.40591,1.61616
345,2.89961,0.50571,-0.66983,0.78768,0.926175
346,2.34766,0.800547,0.457937,0.304777,0.224279
347,0.965949,1.91143,0.937862,0.473273,0.461569
348,0.28632,2.69465,0.117046,0.838885,1.69593
349,0.598255,2.47802,-0.500742,1.00927,2.92849
350,0.82771,2.03748,-0.3846,0.551992,2.58899
351,0.688623,1.85679,-0.330075,-0.0694868,0.676155
352,0.733368,1.74186,-0.416654,0.156471,-0.520604
353,1.06092,1.85453,-8.33603e-05,1.03929,0.132033
354,1.80566,1.98265,0.674402,1.8026,1.27175
355,2.6602,1.57332,1.12458,1.88854,1.6551
356,2.86048,0.730861,1.19944,1.22089,1.25329
357,2.50636,-0.0386219,0.450365,0.3352,0.777294
358,1.59828,0.00974492,-0.605573,0.0352966,0.827657
359,1.19097,1.26486,-1.05356,0.260243,1.36039
360,1.6296,2.57325,-0.702091,0.317182,1.71489
361,1.78587,3.09832,0.259532,0.198409,1.43329
362,1.01516,2.85599,1.09888,0.358846,0.798807
363,0.504071,2.29576,1.16288,1.04835,0.630776
364,1.39716,2.00076,0.197029,1.49994,1.09227
365,2.69763,1.9306,-1.02404,0.976053,1.47808
366,2.70578,1.65933,-1.09906,0.249,1.19034
367,1.72641,1.30071,0.0752273,0.325007,0.670814
368,0.93284,1.19711,1.13862,1.02282,0.389864
369,0.721339,1.25741,0.979266,1.77206,0.604429
370,1.18505,2.04394,0.164128,1.76844,0.891744
371,2.15465,3.15455,0.0226236,1.10314,0.834951
372,2.61808,3.52005,0.272877,0.517812,0.524696
373,2.12936,2.28906,0.176549,0.21561,0.201048
374,1.35137,0.608458,-0.131461,0.468121,0.219743
375,0.816984,0.675549,-0.132756,1.13731,0.604501
376,1.04049,2.27848,0.257765,1.20689,1.1555
377,1.15303,3.16702,0.752649,0.635538,1.07618
378,1.0306,2.61763,1.18407,-0.0277684,0.49008
379,1.23522,1.90657,1.35089,-0.328266,0.595214
380,1.64901,1.83691,0.847854,0.037938,1.17976
381,1.94402,2.24512,-0.128588,0.312223,1.70487
382,1.80492,2.51632,-0.67324,0.295381,1.37102
383,1.46517,2.47462,0.0619593,0.797527,0.573684
384,1.32479,2.36195,1.58682,1.73658,0.456284
385,1.47827,1.93705,2.20808,1.8885,1.10006
386,1.46396,1.27711,1.1026,0.674813,1.43443
387,0.99554,1.2049,-0.234161,-0.44719,0.984616
388,0.610926,1.79476,-0.491409,-0.321949,0.662588
389,0.892722,1.99472,0.024024,0.555734,0.703632
390,1.29028,1.84815,0.534807,0.975504,0.637214
391,0.969193,2.13857,0.856946,0.720475,0.537872
392,0.955284,2.22805,0.851915,0.699861,0.462311
393,1.76619,1.89015,0.441102,0.957653,0.970642
394,2.06738,1.72949,0.110482,1.05221,1.65981
395,1.22489,2.35317,0.233864,0.675335,1.67731
396,0.494644,3.37138,0.671895,0.180632,1.01086
397,0.745441,3.87187,1.00017,-0.159091,0.194046
398,1.54587,3.12177,0.803749,-0.212304,-0.52333
399,1.84602,1.94708,0.699986,0.637864,-0.516655
400,1.37519,1.74917,0.993132,1.92206,0.641622
401,0.555318,2.1008,1.27362,1.8709,2.18328
402,-0.0989033,2.1759,1.52971,0.901732,2.52557
403,0.059109,2.20633,1.57518,0.824365,1.72806
404,1.03397,2.21451,1.16164,2.00454,1.47776
405,1.99477,2.21736,0.446979,2.74191,1.86875
406,1.94862,1.96027,0.0531687,2.05132,1.78002
407,1.17065,1.92756,0.625445,1.08787,1.08823
408,0.754202,2.54496,1.51764,0.849285,0.590941
409,1.08907,2.93588,1.56062,1.49946,0.771952
410,1.56744,2.64972,1.06722,1.88548,1.24709
411,1.6213,2.06228,0.757738,1.0174,1.31205
412,1.4472,1.71493,0.81638,-0.321187,1.11699
413,1.56071,1.53229,0.848177,-0.798897,1.09477
414,1.93724,1.39245,0.477619,0.0421785,1.03034
415,1.93888,1.51243,0.323759,1.42267,0.86754
416,1.38264,1.99273,0.833476,2.12128,0.58468
417,0.940232,2.32595,1.27222,1.60254,0.449379
418,1.15891,2.33008,1.31358,0.810021,0.410759
419,1.52269,2.44587,0.879123,0.925187,0.645853
420,1.30904,2.44324,-0.0575566,1.75703,1.31586
421,0.737106,2.00956,-0.598226,1.93574,1.91556
422,0.976943,1.83195,0.367579,0.805164,1.36148
423,1.66075,1.96024,2.09149,-0.158348,0.0872552
424,1.89594,1.91794,2.65033,0.502385,-0.273864
425,1.54454,2.07019,1.51887,1.59511,0.702671
426,0.817744,2.6201,0.421401,1.40871,1.44224
427,0.644734,3.1077,0.746301,0.702098,1.33165
428,1.07358,3.20298,1.74989,0.838142,1.0693
429,1.46157,3.03178,2.23111,1.46017,1.33219
430,1.14258,2.35983,1.85511,1.73749,1.9935
431,0.696057,1.81243,0.990371,1.38618,2.15899
432,1.19703,1.97628,0.341161,0.834004,1.37146
433,1.79302,2.36079,0.417445,0.885049,0.485286
434,1.64259,2.26516,0.882651,1.49258,0.00862546
435,0.797512,1.6352,0.967874,1.95882,0.0601253
436,-0.250545,1.35214,0.892765,1.69552,0.489434
437,-0.399944,2.07408,0.95389,0.765782,0.909153
438,0.518648,2.6254,1.06141,0.2735,1.37221
439,1.41425,2.47985,1.1717,0.901781,1.88704
440,1.30356,2.12671,1.12541,1.80138,1.91196
441,0.701192,1.87335,0.965687,1.90663,1.49462
442,0.582907,2.19017,0.882984,1.18384,0.747359
443,0.884311,2.7784,1.21199,0.571834,-0.0258249
444,0.662643,2.69304,1.70319,0.497615,0.117675
445,0.0275705,1.75141,1.62785,0.897113,1.03396
446,0.146071,1.42259,1.14499,1.18974,1.94783
447,1.08283,2.26942,0.884886,1.22857,2.51564
448,1.69482,2.93347,0.903135,1.20031,2.4742
449,1.61809,2.71738,0.830436,1.31386,1.77931
450,1.07985,1.90756,0.918486,1.31731,0.851809
451,0.579624,1.5418,1.76714,1.26786,0.0581527
452,0.68544,1.83237,2.59198,1.35601,0.182111
453,0.929468,2.08065,2.30513,1.30318,1.13675
454,0.906791,1.88335,1.23801,1.3262,1.82353
455,0.889633,1.3523,0.661774,2.16288,2.0166
456,1.04918,1.1019,1.02175,2.97809,2.05166
457,1.21659,1.77341,1.65622,2.4451,1.6888
458,1.36009,3.03296,1.80856,1.19604,1.12672
459,1.16431,3.71903,1.42136,0.598882,1.03108
460,0.345065,3.54182,1.10177,1.07275,0.914734
461,0.0805679,3.21048,1.20082,1.94394,0.827378
462,1.03258,2.94428,1.54382,2.37382,1.03252
463,2.27107,2.64656,1.64745,2.24843,1.20783
464,2.10739,2.11784,1.31596,1.91748,1.11589
465,0.619999,1.65611,1.15335,1.37637,0.738121
466,-0.379371,1.53798,1.67742,0.990946,0.430358
467,-0.01789,2.0219,2.17448,0.899696,0.640699
468,0.779962,2.53858,1.84224,0.947408,0.922031
469,1.15006,2.19756,0.986677,1.02516,0.684078
470,1.18425,1.70994,0.644003,1.34926,0.589696
471,1.3965,2.17308,1.16121,1.9092,0.923222
472,1.46141,2.74103,1.75237,2.20097,1.13661
473,0.873218,2.74054,1.76182,1.41449,1.30847
474,0.165691,2.19765,1.66591,0.321185,1.7075
475,0.132369,1.7698,1.91383,0.580144,2.32276
476,1.04434,2.35711,2.1434,1.96875,3.0422
477,2.39832,3.4454,1.51442,2.84137,3.41584
478,2.82509,3.86765,0.476737,2.23848,2.57757
479,1.79637,3.40376,0.270393,0.936,0.735505
480,0.721827,2.46108,1.128,0.348668,-0.590926
481,0.75724,2.07211,2.11095,0.693499,-0.374957
482,1.62258,2.56575,2.49611,1.02476,1.3442
483,2.30801,2.85315,2.18751,1.38949,3.19627
484,1.76387,2.20655,1.9829,1.72988,3.38719
485,0.609156,1.33109,1.89772,2.16154,2.36573
486,0.683547,1.20995,1.74121,2.75378,1.18805
487,1.79012,2.04076,1.70586,2.75934,0.155413
488,1.87624,2.90997,1.57847,1.76048,-0.589342
489,0.778177,3.1133,1.52966,0.788404,-0.190639
490,0.100476,3.13097,2.24672,0.989746,1.49941
491,0.780161,3.40437,3.29617,2.3609,2.91518
492,1.68759,3.31101,3.64041,3.0859,2.93333
493,1.56979,2.70122,2.93847,2.12318,1.34437
494,0.67026,1.80424,2.1953,0.898447,-0.543765
495,0.603801,1.61191,2.11644,1.07189,-0.543372
496,1.54892,2.26338,2.4808,2.22411,0.939652
497,2.39474,2.40862,2.68381,2.64893,2.22097
498,2.30986,1.85332,2.43928,2.05483,2.19847
499,1.3842,1.51642,2.1277,1.74082,1.5689
500,0.755231,1.81745,1.92207,2.44225,1.40099
501,1.02986,2.22736,1.33241,3.20801,1.58487
502,1.53833,2.41418,0.531686,2.63277,1.57723
503,1.452,2.22123,0.388892,0.854455,0.642154
504,0.670817,1.63218,1.07192,-0.251197,0.155838
505,0.872328,2.16545,2.7842,1.28593,2.36637
506,3.35164,4.65112,5.74221,4.88651,6.28498
507,5.67188,7.06378,7.84467,7.42112,7.31963
508,3.72076,5.47016,5.2073,4.92826,1.25462
509,-3.00681,-0.8054,-1.88127,-2.76793,-9.59271
510,-8.00854,-6.10151,-6.67944,-9.16617,-15.8752
511,-4.70943,-4.37251,-3.86953,-6.40586,-8.22962
